year,ISO3,ADM0_FR,ADM0_PCODE,ADM1_FR,ADM1_PCODE,ADM2_FR,ADM2_PCODE,F_TL,M_TL,T_TL,F_00_04,F_05_09,F_10_14,F_15_19,F_20_24,F_25_29,F_30_34,F_35_39,F_40_44,F_45_49,F_50_54,F_55_59,F_60_64,F_65_69,F_70_74,F_75_79,F_80Plus,M_00_04,M_05_09,M_10_14,M_15_19,M_20_24,M_25_29,M_30_34,M_35_39,M_40_44,M_45_49,M_50_54,M_55_59,M_60_64,M_65_69,M_70_74,M_75_79,M_80Plus,T_00_04,T_05_09,T_10_14,T_15_19,T_20_24,T_25_29,T_30_34,T_35_39,T_40_44,T_45_49,T_50_54,T_55_59,T_60_64,T_65_69,T_70_74,T_75_79,T_80Plus
2024,BEN,Benin,BJ,Alibori,BJ01,Banikoara,BJ0101,191659,192724,384383,37497,33952,23745,21508,17943,14717,10991,8261,6291,4404,4124,2368,2061,1317,1175,668,637,37997,33130,25023,20028,17225,15072,11033,8335,6312,5150,4148,2568,2312,1534,1455,768,634,75494,67082,48768,41536,35168,29789,22024,16596,12603,9554,8272,4936,4373,2851,2630,1436,1271
2024,BEN,Benin,BJ,Alibori,BJ01,Gogounou,BJ0102,83434,82804,166238,17255,14348,10385,9460,7421,6155,4902,3568,2876,1938,1812,958,879,541,539,196,201,17421,14463,10520,8310,7033,6182,4761,3435,2895,2190,1935,965,1010,688,595,217,184,34676,28811,20905,17770,14454,12337,9663,7003,5771,4128,3747,1923,1889,1229,1134,413,385
2024,BEN,Benin,BJ,Alibori,BJ01,Kandi,BJ0103,161262,162114,323376,32522,27989,20026,17347,15246,12460,9642,6818,5587,4060,3335,1959,1607,1081,950,309,324,32802,28259,19956,16142,14211,12484,9769,7097,5620,4792,3932,2177,1777,1307,976,496,317,65324,56248,39982,33489,29457,24944,19411,13915,11207,8852,7267,4136,3384,2388,1926,805,641
2024,BEN,Benin,BJ,Alibori,BJ01,Karimama,BJ0104,52923,53942,106865,10907,9225,6318,5132,4837,4010,3310,2437,2118,1408,1316,573,537,356,251,133,55,10951,8925,6443,5124,4899,3742,3073,2255,2204,1649,1536,909,855,586,478,264,49,21858,18150,12761,10256,9736,7752,6383,4692,4322,3057,2852,1482,1392,942,729,397,104
2024,BEN,Benin,BJ,Alibori,BJ01,Malanville,BJ0105,134086,134768,268854,26707,22673,16394,14681,12776,10406,8245,5926,5184,3421,3028,1508,1207,689,651,272,318,26767,22160,16331,13174,12017,10009,7872,5909,5453,4277,3871,1914,2070,1290,954,396,304,53474,44833,32725,27855,24793,20415,16117,11835,10637,7698,6899,3422,3277,1979,1605,668,622
2024,BEN,Benin,BJ,Alibori,BJ01,Segbana,BJ0106,70840,73952,144792,15286,12478,8802,8022,6499,5203,4089,2815,2335,1477,1418,656,702,404,352,153,149,15814,12739,9251,7441,6251,5417,4490,3137,2536,1915,1837,996,816,452,515,207,138,31100,25217,18053,15463,12750,10620,8579,5952,4871,3392,3255,1652,1518,856,867,360,287
2024,BEN,Benin,BJ,Atacora,BJ02,Boukombe,BJ0201,55037,53200,108237,10003,8369,6006,4955,4170,3498,3490,2720,2797,2651,2046,1230,1101,996,573,278,154,10518,9002,7179,5184,4141,3121,2508,1924,2044,1770,1772,1127,875,918,526,390,201,20521,17371,13185,10139,8311,6619,5998,4644,4841,4421,3818,2357,1976,1914,1099,668,355
2024,BEN,Benin,BJ,Atacora,BJ02,Kerou,BJ0202,76479,77645,154124,16639,13320,8932,7728,6950,5756,4505,3182,2599,1751,1684,820,972,510,599,197,335,16754,13350,9317,7351,6673,5896,4806,3483,2617,1894,1801,961,1056,634,588,186,278,33393,26670,18249,15079,13623,11652,9311,6665,5216,3645,3485,1781,2028,1144,1187,383,613
2024,BEN,Benin,BJ,Atacora,BJ02,Kobli,BJ0203,48397,45948,94345,9405,8365,5586,4101,4357,3221,2961,1993,2207,1632,1612,730,845,543,451,182,206,9958,8818,6398,4338,3636,2679,2237,1629,1497,1129,1147,617,647,441,437,171,169,19363,17183,11984,8439,7993,5900,5198,3622,3704,2761,2759,1347,1492,984,888,353,375
2024,BEN,Benin,BJ,Atacora,BJ02,Kouande,BJ0204,74512,74915,149427,14724,12118,8644,7551,6741,5190,4542,3325,2926,2347,2025,1286,1044,904,563,345,237,14959,12896,9783,7434,6376,5271,4255,3101,2564,2158,1822,1209,1041,863,581,395,207,29683,25014,18427,14985,13117,10461,8797,6426,5490,4505,3847,2495,2085,1767,1144,740,444
2024,BEN,Benin,BJ,Atacora,BJ02,Materi,BJ0205,76165,73413,149578,14051,13151,10400,8248,6150,4313,3938,2920,3414,2289,2555,1079,1311,778,902,376,290,14400,13638,11188,8526,6439,4031,3144,2082,2297,1677,1967,863,1050,778,756,369,208,28451,26789,21588,16774,12589,8344,7082,5002,5711,3966,4522,1942,2361,1556,1658,745,498
2024,BEN,Benin,BJ,Atacora,BJ02,Natitingou,BJ0206,69392,68096,137488,11244,9869,8776,7682,6531,5289,4554,3501,2943,2655,2072,1383,1029,894,533,267,170,11765,10043,8360,7150,6838,5381,4276,3172,2614,2363,2026,1414,876,923,512,240,143,23009,19912,17136,14832,13369,10670,8830,6673,5557,5018,4098,2797,1905,1817,1045,507,313
2024,BEN,Benin,BJ,Atacora,BJ02,Pehunco,BJ0207,52978,54051,107029,11018,8965,6290,5154,4746,3950,3283,2392,1887,1365,1298,726,628,462,392,261,161,11404,9570,6534,5155,4432,3866,3138,2325,1829,1571,1455,782,681,488,429,270,122,22422,18535,12824,10309,9178,7816,6421,4717,3716,2936,2753,1508,1309,950,821,531,283
2024,BEN,Benin,BJ,Atacora,BJ02,Tanguieta,BJ0208,50075,48191,98266,9126,8204,6218,4675,4142,3420,3389,2254,2241,1805,1518,813,920,596,415,219,120,9391,8530,6770,4879,3962,2782,2660,1786,1867,1432,1434,707,626,566,422,270,107,18517,16734,12988,9554,8104,6202,6049,4040,4108,3237,2952,1520,1546,1162,837,489,227
2024,BEN,Benin,BJ,Atacora,BJ02,Toucountouna,BJ0209,25793,24841,50634,4526,4354,3265,2374,1984,1727,1674,1248,1092,865,799,491,466,463,258,131,76,4762,4779,3438,2295,1805,1483,1249,1034,924,860,619,485,332,365,216,120,75,9288,9133,6703,4669,3789,3210,2923,2282,2016,1725,1418,976,798,828,474,251,151
2024,BEN,Benin,BJ,Atlantique,BJ03,Abomey-Calavi,BJ0301,664014,663128,1327142,107064,82338,77599,66360,68920,62055,50288,40741,30576,28704,18167,12523,6904,5212,2592,2095,1876,112994,82086,69640,62749,78778,64828,48723,38873,29290,28054,18423,12728,6844,4513,1866,1147,1592,220058,164424,147239,129109,147698,126883,99011,79614,59866,56758,36590,25251,13748,9725,4458,3242,3468
2024,BEN,Benin,BJ,Atlantique,BJ03,Allada,BJ0302,86905,83871,170776,14411,11737,10135,8051,7779,6580,5528,4952,4101,3938,3044,1679,1664,1252,933,667,454,14820,12180,10561,9011,7557,6140,5157,4373,3355,3231,2444,1397,1309,1019,656,383,278,29231,23917,20696,17062,15336,12720,10685,9325,7456,7169,5488,3076,2973,2271,1589,1050,732
2024,BEN,Benin,BJ,Atlantique,BJ03,Kpomasse,BJ0303,39000,38337,77337,6055,5320,4657,3661,2986,2641,2349,2317,2048,1787,1475,984,835,715,565,326,279,6332,5817,5253,4400,3248,2518,1890,1769,1572,1468,1264,719,717,545,420,248,157,12387,11137,9910,8061,6234,5159,4239,4086,3620,3255,2739,1703,1552,1260,985,574,436
2024,BEN,Benin,BJ,Atlantique,BJ03,Ouidah,BJ0304,166973,160477,327450,27662,21942,19210,15204,14610,13850,12126,10799,8112,7306,5198,3291,2510,2124,1251,1015,763,29285,22645,19148,14784,13631,12018,10807,9275,7708,7596,4932,2996,2042,1736,961,593,320,56947,44587,38358,29988,28241,25868,22933,20074,15820,14902,10130,6287,4552,3860,2212,1608,1083
2024,BEN,Benin,BJ,Atlantique,BJ03,So-Ava,BJ0305,86765,90398,177163,16870,14297,11577,9237,8417,6470,4573,4105,3115,2581,2016,1028,1099,538,380,203,259,17665,15429,12554,10201,7521,6696,4522,3705,2871,2531,2350,1234,1375,770,528,237,209,34535,29726,24131,19438,15938,13166,9095,7810,5986,5112,4366,2262,2474,1308,908,440,468
2024,BEN,Benin,BJ,Atlantique,BJ03,Toffo,BJ0306,68387,64798,133185,11256,9579,8611,7208,6268,5091,4235,3730,3069,2801,2115,1124,1165,870,615,383,267,11272,9679,8821,7486,5821,5000,3840,3158,2360,2104,1739,932,923,705,512,274,172,22528,19258,17432,14694,12089,10091,8075,6888,5429,4905,3854,2056,2088,1575,1127,657,439
2024,BEN,Benin,BJ,Atlantique,BJ03,Tori-Bossito,BJ0307,36388,35541,71929,6232,5050,4393,3263,2874,2723,2419,2179,1608,1626,1275,745,701,513,365,255,167,6381,5413,4738,3702,2810,2652,2072,1820,1386,1303,1037,642,553,444,306,187,95,12613,10463,9131,6965,5684,5375,4491,3999,2994,2929,2312,1387,1254,957,671,442,262
2024,BEN,Benin,BJ,Atlantique,BJ03,Ze,BJ0308,77433,73750,151183,13754,11560,9729,7666,6982,5806,4638,4414,3223,2762,2198,1193,1318,835,677,394,284,14065,11564,9804,8102,6788,5139,3949,3421,2640,2398,2016,953,1055,729,606,355,166,27819,23124,19533,15768,13770,10945,8587,7835,5863,5160,4214,2146,2373,1564,1283,749,450
2024,BEN,Benin,BJ,Borgou,BJ04,Bembereke,BJ0401,86085,89506,175591,16654,14351,10838,9832,8367,6056,5039,3512,3114,2468,1938,1046,894,786,577,364,249,16916,14389,11321,10110,9221,6641,5319,3684,2968,2575,2189,1194,1092,771,617,286,213,33570,28740,22159,19942,17588,12697,10358,7196,6082,5043,4127,2240,1986,1557,1194,650,462
2024,BEN,Benin,BJ,Borgou,BJ04,Kalale,BJ0402,136352,137483,273835,31282,25800,16871,14005,11846,9586,7650,4853,4279,2956,2660,1283,1243,639,742,268,389,31786,25313,17941,13360,11473,9068,7533,4575,4436,3161,2944,1526,1637,986,899,418,427,63068,51113,34812,27365,23319,18654,15183,9428,8715,6117,5604,2809,2880,1625,1641,686,816
2024,BEN,Benin,BJ,Borgou,BJ04,N'Dali,BJ0403,89740,94236,183976,18450,14412,10910,10036,8309,6628,5501,3980,3171,2565,1909,1120,1024,621,524,316,264,19045,14893,11611,9929,8698,7032,5523,4104,3541,2719,2412,1452,1219,737,731,367,223,37495,29305,22521,19965,17007,13660,11024,8084,6712,5284,4321,2572,2243,1358,1255,683,487
2024,BEN,Benin,BJ,Borgou,BJ04,Nikki,BJ0404,110270,111503,221773,24036,19305,13044,11988,10017,7939,6606,4171,3826,2524,2279,1169,1302,730,648,389,297,23853,19143,13976,11476,9774,8087,6508,4304,3665,2703,2714,1383,1412,910,867,439,289,47889,38448,27020,23464,19791,16026,13114,8475,7491,5227,4993,2552,2714,1640,1515,828,586
2024,BEN,Benin,BJ,Borgou,BJ04,Parakou,BJ0405,206763,211456,418219,31415,26295,26168,25433,23741,17029,13024,10967,8448,8361,5478,3998,2219,1967,1054,760,406,32853,25250,22790,24406,28977,20098,13688,10368,7883,8343,5551,4422,2447,2289,1047,769,275,64268,51545,48958,49839,52718,37127,26712,21335,16331,16704,11029,8420,4666,4256,2101,1529,681
2024,BEN,Benin,BJ,Borgou,BJ04,Perere,BJ0406,69722,69747,139469,16276,12221,7345,6804,6724,5481,4347,2663,2178,1556,1581,658,680,485,378,137,208,16370,12125,8184,6528,5678,5127,4179,2948,2254,1560,1572,771,907,549,578,211,206,32646,24346,15529,13332,12402,10608,8526,5611,4432,3116,3153,1429,1587,1034,956,348,414
2024,BEN,Benin,BJ,Borgou,BJ04,Sinende,BJ0407,63577,64162,127739,13210,10718,7925,7023,5849,4541,3881,2633,2086,1575,1296,722,788,466,471,242,151,13415,10943,8123,6612,5525,4836,3657,2742,2213,1762,1442,753,773,479,508,233,146,26625,21661,16048,13635,11374,9377,7538,5375,4299,3337,2738,1475,1561,945,979,475,297
2024,BEN,Benin,BJ,Borgou,BJ04,Tchaourou,BJ0408,220369,224389,444758,44945,37053,26129,23024,20425,16765,13919,9528,8577,5899,5061,2377,2484,1479,1293,799,612,45946,37598,28871,22161,19188,16151,13201,9637,8203,6324,5902,3276,2954,1812,1745,857,563,90891,74651,55000,45185,39613,32916,27120,19165,16780,12223,10963,5653,5438,3291,3038,1656,1175
2024,BEN,Benin,BJ,Collines,BJ05,Bante,BJ0501,68352,66620,134972,11165,9830,9266,7485,6131,5000,4399,3551,3007,2354,1884,1029,1134,897,598,401,221,11549,10072,9712,8385,6327,4971,3644,2779,2362,1904,1589,882,866,700,432,265,181,22714,19902,18978,15870,12458,9971,8043,6330,5369,4258,3473,1911,2000,1597,1030,666,402
2024,BEN,Benin,BJ,Collines,BJ05,Dassa-Zoume,BJ0502,66210,63046,129256,10857,9483,8583,6797,5599,4519,4005,3726,3001,2609,2109,1308,1207,983,615,454,355,11065,9606,8754,7362,5637,4075,3469,2852,2404,2152,1777,1032,1049,741,482,345,244,21922,19089,17337,14159,11236,8594,7474,6578,5405,4761,3886,2340,2256,1724,1097,799,599
2024,BEN,Benin,BJ,Collines,BJ05,Glazoue,BJ0503,83540,81451,164991,12527,11932,11652,9859,7409,5749,5030,4207,3679,3293,2492,1576,1395,1259,715,454,312,13486,12208,12146,10704,7999,5569,4153,3516,2875,2559,1929,1192,1047,935,542,360,231,26013,24140,23798,20563,15408,11318,9183,7723,6554,5852,4421,2768,2442,2194,1257,814,543
2024,BEN,Benin,BJ,Collines,BJ05,Ouesse,BJ0504,98631,101932,200563,15484,14475,13320,11439,9709,7594,6243,5026,4104,3429,2475,1424,1192,1132,778,525,282,16984,15418,14260,12938,10559,7618,5520,4171,3829,3129,2454,1398,1249,942,752,465,246,32468,29893,27580,24377,20268,15212,11763,9197,7933,6558,4929,2822,2441,2074,1530,990,528
2024,BEN,Benin,BJ,Collines,BJ05,Savalou,BJ0505,98119,94184,192303,16937,14730,12461,9953,8347,7297,6375,5231,4037,3299,2792,1761,1581,1380,890,704,344,17445,15027,13296,11282,7901,6650,5082,4354,3412,2765,2164,1232,1106,1181,576,483,228,34382,29757,25757,21235,16248,13947,11457,9585,7449,6064,4956,2993,2687,2561,1466,1187,572
2024,BEN,Benin,BJ,Collines,BJ05,Save,BJ0506,53476,54790,108266,8337,7299,6613,5791,4946,4206,3329,3009,2490,2144,1728,1065,768,796,479,291,185,8783,7612,7075,6429,5491,4063,3326,2565,2309,2079,1617,1008,825,794,436,242,136,17120,14911,13688,12220,10437,8269,6655,5574,4799,4223,3345,2073,1593,1590,915,533,321
2024,BEN,Benin,BJ,Couffo,BJ06,Aplahoue,BJ0601,127943,113094,241037,21204,20723,16895,14125,11034,10145,8146,6817,5256,4495,3112,1360,1781,1253,733,329,535,21153,19870,16100,13699,9381,7738,5802,4809,3930,3190,2868,1141,1393,904,500,270,346,42357,40593,32995,27824,20415,17883,13948,11626,9186,7685,5980,2501,3174,2157,1233,599,881
2024,BEN,Benin,BJ,Couffo,BJ06,Djakotomey,BJ0602,95342,83680,179022,14701,15533,12925,10427,7461,6784,5575,5607,4508,3685,2814,1267,1657,924,646,401,427,14726,15130,13321,11352,6987,4849,3378,3222,2721,2288,2031,841,1177,678,424,266,289,29427,30663,26246,21779,14448,11633,8953,8829,7229,5973,4845,2108,2834,1602,1070,667,716
2024,BEN,Benin,BJ,Couffo,BJ06,Dogbo,BJ0603,68923,64212,133135,10201,10141,9106,8017,5783,4956,4160,4081,3315,2710,2226,955,1211,756,569,325,411,10353,9934,9186,8945,6290,4611,3284,2718,2414,2044,1511,770,889,433,452,169,209,20554,20075,18292,16962,12073,9567,7444,6799,5729,4754,3737,1725,2100,1189,1021,494,620
2024,BEN,Benin,BJ,Couffo,BJ06,Klouekanme,BJ0604,91334,79502,170836,15274,14875,12202,10124,7715,6774,5199,4980,3750,3411,2560,1256,1223,824,554,340,273,15014,14429,11774,10067,6525,5383,3496,3075,2423,2044,1861,753,1019,699,463,296,181,30288,29304,23976,20191,14240,12157,8695,8055,6173,5455,4421,2009,2242,1523,1017,636,454
2024,BEN,Benin,BJ,Couffo,BJ06,Lalo,BJ0605,91414,82336,173750,15016,15251,12316,9413,7650,7001,5622,5018,3735,3083,2547,1238,1348,922,663,248,343,15372,15301,12491,10640,6721,5186,3582,3205,2560,2010,1782,809,1095,636,525,185,236,30388,30552,24807,20053,14371,12187,9204,8223,6295,5093,4329,2047,2443,1558,1188,433,579
2024,BEN,Benin,BJ,Couffo,BJ06,Toviklin,BJ0606,66131,58033,124164,10341,11031,9391,7304,5349,4596,3771,3597,2834,2377,1840,914,1057,650,520,294,265,10549,10757,8797,7649,5208,3774,2309,2147,1673,1585,1249,549,687,460,326,167,147,20890,21788,18188,14953,10557,8370,6080,5744,4507,3962,3089,1463,1744,1110,846,461,412
2024,BEN,Benin,BJ,Donga,BJ07,Bassila,BJ0701,113200,113716,226916,19950,17075,12992,10728,10433,9461,8126,6163,4981,3906,2899,1846,1591,1314,800,522,413,20869,18045,14977,11765,10248,8858,6717,5151,4259,3814,2932,1656,1377,1368,742,602,336,40819,35120,27969,22493,20681,18319,14843,11314,9240,7720,5831,3502,2968,2682,1542,1124,749
2024,BEN,Benin,BJ,Donga,BJ07,Copargo,BJ0703,47348,48099,95447,7324,7603,5519,4613,4552,3633,3142,2271,2209,1766,1387,827,792,707,495,273,235,7737,8534,6757,5286,4278,3326,2674,1855,1619,1508,1285,774,714,709,483,322,238,15061,16137,12276,9899,8830,6959,5816,4126,3828,3274,2672,1601,1506,1416,978,595,473
2024,BEN,Benin,BJ,Donga,BJ07,Djougou,BJ0702,188452,191275,379727,33461,29125,22101,19213,17883,14578,12154,9539,7736,6603,5174,2986,2582,2142,1559,886,730,34885,30705,24746,20422,17123,14259,10920,8286,6960,6329,5398,2866,2715,2346,1671,996,648,68346,59830,46847,39635,35006,28837,23074,17825,14696,12932,10572,5852,5297,4488,3230,1882,1378
2024,BEN,Benin,BJ,Donga,BJ07,Ouake,BJ0704,57934,57813,115747,8806,8777,7339,6084,5471,4508,3625,3119,2497,2351,1526,1070,837,843,521,366,194,9676,9396,7898,7018,5696,4494,3038,2411,1875,1900,1323,866,673,695,360,346,148,18482,18173,15237,13102,11167,9002,6663,5530,4372,4251,2849,1936,1510,1538,881,712,342
2024,BEN,Benin,BJ,Littoral,BJ08,Cotonou,BJ0800,341684,323525,665209,47111,37305,36838,34533,35913,31778,27106,21589,17195,16610,11433,9264,5145,4889,2277,1967,731,50157,36278,30183,29106,37332,34134,27268,20586,15869,15120,9626,6827,3989,3828,1605,1262,355,97268,73583,67021,63639,73245,65912,54374,42175,33064,31730,21059,16091,9134,8717,3882,3229,1086
2024,BEN,Benin,BJ,Mono,BJ09,Athieme,BJ0901,39591,38266,77857,6232,5650,5277,4324,3438,2613,2310,2122,1852,1682,1323,738,663,525,382,254,206,6292,5960,5365,4744,3938,2671,1874,1753,1401,1288,1016,568,489,396,278,130,103,12524,11610,10642,9068,7376,5284,4184,3875,3253,2970,2339,1306,1152,921,660,384,309
2024,BEN,Benin,BJ,Mono,BJ09,Bopa,BJ0902,65265,61933,127198,10296,10036,8339,6329,5001,4480,3954,3620,3125,2928,2212,1204,1225,991,783,407,335,10436,10780,9510,7259,4990,3713,2914,2509,2113,1972,1768,943,1006,716,627,382,295,20732,20816,17849,13588,9991,8193,6868,6129,5238,4900,3980,2147,2231,1707,1410,789,630
2024,BEN,Benin,BJ,Mono,BJ09,Come,BJ0903,54350,51299,105649,8145,6856,6524,5483,4832,3910,3507,3017,2593,2633,2014,1481,937,989,581,525,323,8311,7008,6617,6521,5453,3712,2842,2415,1903,2060,1370,972,710,719,307,250,129,16456,13864,13141,12004,10285,7622,6349,5432,4496,4693,3384,2453,1647,1708,888,775,452
2024,BEN,Benin,BJ,Mono,BJ09,Grand-Popo,BJ0904,40173,39181,79354,5866,5001,4225,3715,3423,2803,2506,2369,2035,2218,1639,1187,863,953,591,423,356,6196,5227,4670,4588,3801,3067,2288,2028,1654,1731,1244,762,584,569,344,258,170,12062,10228,8895,8303,7224,5870,4794,4397,3689,3949,2883,1949,1447,1522,935,681,526
2024,BEN,Benin,BJ,Mono,BJ09,Houeyogbe,BJ0905,69139,65251,134390,10664,9901,8898,7089,5836,4787,3896,3870,3276,3000,2325,1442,1370,1013,880,478,414,10605,10322,9393,8189,6168,4133,2951,2714,2616,2318,1867,1004,980,781,604,352,254,21269,20223,18291,15278,12004,8920,6847,6584,5892,5318,4192,2446,2350,1794,1484,830,668
2024,BEN,Benin,BJ,Mono,BJ09,Lokossa,BJ0906,69876,67972,137848,11036,9848,8993,8000,6502,5296,4245,3934,3070,2841,2111,1177,934,800,507,312,270,11083,9792,9139,8307,6940,5430,4106,3180,2524,2559,1720,949,860,623,425,197,138,22119,19640,18132,16307,13442,10726,8351,7114,5594,5400,3831,2126,1794,1423,932,509,408
2024,BEN,Benin,BJ,Oueme,BJ10,Adjarra,BJ1001,77272,74511,151783,12733,10074,9294,7452,6989,6319,5235,4521,3617,3466,2466,1602,1230,1166,563,332,213,13719,10648,9288,7632,6893,5645,4626,3720,2969,2867,2214,1673,1134,842,330,225,86,26452,20722,18582,15084,13882,11964,9861,8241,6586,6333,4680,3275,2364,2008,893,557,299
2024,BEN,Benin,BJ,Oueme,BJ10,Adjohoun,BJ1002,49819,47123,96942,8055,6833,6087,4499,4359,3869,2927,2718,2262,2246,1878,1221,1004,811,476,352,222,8307,7066,6291,5166,4111,3410,2560,2003,1684,1698,1542,1019,931,618,342,244,131,16362,13899,12378,9665,8470,7279,5487,4721,3946,3944,3420,2240,1935,1429,818,596,353
2024,BEN,Benin,BJ,Oueme,BJ10,Aguegues,BJ1003,35621,35968,71589,6046,5486,4828,4022,3379,2651,2179,1755,1657,1093,1047,408,552,174,159,102,83,6241,5727,4978,4262,3470,2646,1891,1466,1402,1062,1100,504,634,247,206,74,58,12287,11213,9806,8284,6849,5297,4070,3221,3059,2155,2147,912,1186,421,365,176,141
2024,BEN,Benin,BJ,Oueme,BJ10,Akpo-Misserete,BJ1004,108098,105791,213889,19412,15547,13121,10196,9823,9410,7299,6111,4365,3953,2884,1735,1391,1220,765,510,356,20508,15930,13408,10516,9111,8650,7120,5354,4087,3598,2827,1557,1212,991,501,280,141,39920,31477,26529,20712,18934,18060,14419,11465,8452,7551,5711,3292,2603,2211,1266,790,497
2024,BEN,Benin,BJ,Oueme,BJ10,Avrankou,BJ1005,99892,96210,196102,17752,13299,11588,8950,9082,8607,6556,5783,4273,4160,3222,2063,1576,1351,815,459,356,18586,14281,11756,9401,8464,8150,6060,4904,3676,3292,2645,1714,1320,964,508,264,225,36338,27580,23344,18351,17546,16757,12616,10687,7949,7452,5867,3777,2896,2315,1323,723,581
2024,BEN,Benin,BJ,Oueme,BJ10,Bonou,BJ1006,32879,30968,63847,5246,4529,4188,3376,2742,2682,2034,1889,1420,1373,992,759,484,457,317,247,144,5414,4697,4286,3596,2942,2231,1640,1352,1057,981,852,560,514,390,223,145,88,10660,9226,8474,6972,5684,4913,3674,3241,2477,2354,1844,1319,998,847,540,392,232
2024,BEN,Benin,BJ,Oueme,BJ10,Dangbo,BJ1007,68548,67027,135575,11888,9689,8084,6424,6085,5565,4453,3807,3116,2740,2298,1239,1219,763,556,306,316,12498,10072,8510,7151,5657,4934,3905,3216,2672,2417,2204,1034,1262,641,480,196,178,24386,19761,16594,13575,11742,10499,8358,7023,5788,5157,4502,2273,2481,1404,1036,502,494
2024,BEN,Benin,BJ,Oueme,BJ10,Porto-Novo,BJ1008,156376,145374,301750,21977,18549,18001,15329,14763,12993,10727,8892,7598,8023,6097,4814,2865,2742,1193,1161,652,23520,18414,16200,15126,15677,12938,9644,7403,5749,6097,4774,3656,2328,2109,826,675,238,45497,36963,34201,30455,30440,25931,20371,16295,13347,14120,10871,8470,5193,4851,2019,1836,890
2024,BEN,Benin,BJ,Oueme,BJ10,Seme-Kpodji,BJ1009,206618,205170,411788,35057,27683,24481,20120,20357,19339,15589,12446,8986,7655,5488,3696,2111,1803,747,597,463,36389,27893,22890,19203,19545,18239,15639,12716,9586,8351,5463,3645,2519,1822,642,412,216,71446,55576,47371,39323,39902,37578,31228,25162,18572,16006,10951,7341,4630,3625,1389,1009,679
2024,BEN,Benin,BJ,Plateau,BJ11,Adja-Ouere,BJ1101,81108,78757,159865,13467,11858,10338,7747,6910,6553,5644,4633,3505,2909,2284,1523,1204,1081,731,457,264,14113,12728,11067,8423,6784,5638,4492,3803,3152,2742,1834,1164,1027,812,488,332,158,27580,24586,21405,16170,13694,12191,10136,8436,6657,5651,4118,2687,2231,1893,1219,789,422
2024,BEN,Benin,BJ,Plateau,BJ11,Ifangni,BJ1102,85554,79911,165465,14216,11539,9951,7694,8039,7193,5533,4779,3736,3735,2762,1826,1540,1424,742,516,329,14699,11561,9889,8112,7075,6759,5268,4068,2977,2773,2186,1369,1187,1015,515,296,162,28915,23100,19840,15806,15114,13952,10801,8847,6713,6508,4948,3195,2727,2439,1257,812,491
2024,BEN,Benin,BJ,Plateau,BJ11,Ketou,BJ1103,120285,116696,236981,20573,18354,15146,11590,11144,9936,8111,6433,5141,4229,3145,1773,1635,1266,875,512,422,21382,18597,15520,11950,10172,8941,7215,5401,4740,3862,3208,1585,1470,1189,736,367,361,41955,36951,30666,23540,21316,18877,15326,11834,9881,8091,6353,3358,3105,2455,1611,879,783
2024,BEN,Benin,BJ,Plateau,BJ11,Pobe,BJ1104,91558,86066,177624,14969,13356,11163,8828,8331,7234,6146,5182,4038,3483,2518,1833,1347,1510,752,607,261,15203,13870,11525,9086,7556,6477,5088,3989,3184,3021,2226,1372,1122,1112,600,486,149,30172,27226,22688,17914,15887,13711,11234,9171,7222,6504,4744,3205,2469,2622,1352,1093,410
2024,BEN,Benin,BJ,Plateau,BJ11,Sakete,BJ1105,93220,84002,177222,12974,12031,11277,8872,8099,7513,5957,5397,4423,4510,3392,2544,1920,2092,1064,810,345,13718,12651,11277,9469,7920,6629,4687,3893,2960,2936,2285,1578,1305,1299,724,493,178,26692,24682,22554,18341,16019,14142,10644,9290,7383,7446,5677,4122,3225,3391,1788,1303,523
2024,BEN,Benin,BJ,Zou,BJ12,Abomey,BJ1201,55118,49900,105018,7643,6826,7030,5855,5148,3773,3275,3130,2675,2685,2040,1398,1171,989,656,505,319,7879,6889,6574,5585,4799,3733,2966,2283,2008,1995,1550,1034,834,713,495,397,166,15522,13715,13604,11440,9947,7506,6241,5413,4683,4680,3590,2432,2005,1702,1151,902,485
2024,BEN,Benin,BJ,Zou,BJ12,Agbangnizoun,BJ1202,47797,44531,92328,7652,6449,6108,4745,4037,3316,2925,2744,2098,1911,1620,982,1065,780,622,408,335,7666,6559,6222,5112,3792,2926,2517,2059,1768,1503,1266,701,796,592,558,278,216,15318,13008,12330,9857,7829,6242,5442,4803,3866,3414,2886,1683,1861,1372,1180,686,551
2024,BEN,Benin,BJ,Zou,BJ12,Bohicon,BJ1203,130954,120183,251137,20755,17072,16663,14050,12575,10294,8840,7653,5880,5394,3732,2442,1933,1483,1027,756,405,21026,16397,15382,13810,11751,9311,7750,6016,5027,4450,3230,2061,1551,1104,665,476,176,41781,33469,32045,27860,24326,19605,16590,13669,10907,9844,6962,4503,3484,2587,1692,1232,581
2024,BEN,Benin,BJ,Zou,BJ12,Cove,BJ1204,38045,35369,73414,5703,4853,4429,4054,3328,2756,2377,1992,1704,1732,1403,1050,806,802,561,304,191,5968,5049,4566,4300,3573,2618,2046,1571,1207,1340,873,657,530,496,240,235,100,11671,9902,8995,8354,6901,5374,4423,3563,2911,3072,2276,1707,1336,1298,801,539,291
2024,BEN,Benin,BJ,Zou,BJ12,Djidja,BJ1205,89112,84668,173780,15232,14029,12186,8858,7606,6568,5659,4648,3571,2813,2635,1203,1592,964,785,483,280,15419,14070,12701,9340,6722,5494,4571,3878,3015,2452,2415,1042,1299,843,846,379,182,30651,28099,24887,18198,14328,12062,10230,8526,6586,5265,5050,2245,2891,1807,1631,862,462
2024,BEN,Benin,BJ,Zou,BJ12,Ouinhi,BJ1206,44996,43546,88542,7420,6502,5473,4633,4085,3550,2931,2560,1852,1653,1353,761,710,594,502,244,173,7673,6799,5956,4876,3978,3432,2523,2027,1578,1373,1026,612,602,454,323,194,120,15093,13301,11429,9509,8063,6982,5454,4587,3430,3026,2379,1373,1312,1048,825,438,293
2024,BEN,Benin,BJ,Zou,BJ12,Za-Kpota,BJ1207,103503,91468,194971,17558,15978,14152,10122,8279,7203,6358,5733,4473,3528,3094,1518,2011,1178,1144,538,636,18046,15722,13758,10214,6781,5781,4586,4088,2818,2453,2196,1037,1424,863,859,435,407,35604,31700,27910,20336,15060,12984,10944,9821,7291,5981,5290,2555,3435,2041,2003,973,1043
2024,BEN,Benin,BJ,Zou,BJ12,Zagnanado,BJ1208,40515,38887,79402,6451,5921,5228,4280,3254,2919,2355,2259,1736,1781,1297,874,728,672,418,200,142,6462,5826,5598,4705,3553,2659,1985,1764,1410,1346,998,755,653,501,389,191,92,12913,11747,10826,8985,6807,5578,4340,4023,3146,3127,2295,1629,1381,1173,807,391,234
2024,BEN,Benin,BJ,Zou,BJ12,Zogbodomey,BJ1209,58704,56536,115240,10196,8805,7190,5448,4836,4385,3844,3315,2529,2276,1902,988,1098,737,562,301,292,10112,8877,7953,5891,4554,3999,3512,2785,2285,1972,1451,801,819,631,418,271,205,20308,17682,15143,11339,9390,8384,7356,6100,4814,4248,3353,1789,1917,1368,980,572,497
